{"IcoMoonType":"selection","icons":[{"icon":{"paths":["M298 426h428l-214 214z"],"attrs":[{}],"isMulticolor":false,"isMulticolor2":false,"tags":["arrow_drop_down"],"grid":24},"attrs":[{}],"properties":{"order":1,"id":1,"prevSize":24,"code":59648,"name":"arrow_drop_down"},"setIdx":1,"setId":4,"iconIdx":0},{"icon":{"paths":["M731.429 799.429c0 83.429-54.857 151.429-121.714 151.429h-488c-66.857 0-121.714-68-121.714-151.429 0-150.286 37.143-324 186.857-324 46.286 45.143 109.143 73.143 178.857 73.143s132.571-28 178.857-73.143c149.714 0 186.857 173.714 186.857 324zM585.143 292.571c0 121.143-98.286 219.429-219.429 219.429s-219.429-98.286-219.429-219.429 98.286-219.429 219.429-219.429 219.429 98.286 219.429 219.429z"],"width":731.4285714285713,"attrs":[],"isMulticolor":false,"isMulticolor2":false,"tags":["user"],"defaultCode":61447,"grid":14},"attrs":[],"properties":{"name":"user","id":11,"order":7,"prevSize":28,"code":61447},"setIdx":3,"setId":2,"iconIdx":11},{"icon":{"paths":["M340 548.571c0 4.571-2.286 9.714-5.714 13.143l-266.286 266.286c-3.429 3.429-8.571 5.714-13.143 5.714s-9.714-2.286-13.143-5.714l-28.571-28.571c-3.429-3.429-5.714-8.571-5.714-13.143s2.286-9.714 5.714-13.143l224.571-224.571-224.571-224.571c-3.429-3.429-5.714-8.571-5.714-13.143s2.286-9.714 5.714-13.143l28.571-28.571c3.429-3.429 8.571-5.714 13.143-5.714s9.714 2.286 13.143 5.714l266.286 266.286c3.429 3.429 5.714 8.571 5.714 13.143zM559.429 548.571c0 4.571-2.286 9.714-5.714 13.143l-266.286 266.286c-3.429 3.429-8.571 5.714-13.143 5.714s-9.714-2.286-13.143-5.714l-28.571-28.571c-3.429-3.429-5.714-8.571-5.714-13.143s2.286-9.714 5.714-13.143l224.571-224.571-224.571-224.571c-3.429-3.429-5.714-8.571-5.714-13.143s2.286-9.714 5.714-13.143l28.571-28.571c3.429-3.429 8.571-5.714 13.143-5.714s9.714 2.286 13.143 5.714l266.286 266.286c3.429 3.429 5.714 8.571 5.714 13.143z"],"width":566.8571428571428,"attrs":[],"isMulticolor":false,"isMulticolor2":false,"tags":["angle-double-right"],"defaultCode":61697,"grid":14},"attrs":[],"properties":{"name":"angle-double-right","id":230,"order":3,"prevSize":28,"code":61697},"setIdx":3,"setId":2,"iconIdx":230},{"icon":{"paths":["M402.286 512c-121.143 0-219.429-98.286-219.429-219.429s98.286-219.429 219.429-219.429 219.429 98.286 219.429 219.429-98.286 219.429-219.429 219.429zM1017.714 694.857l142.286 142.286c3.429 3.429 5.143 8 5.143 13.143 0 4.571-1.714 9.143-5.143 12.571l-77.714 77.714c-3.429 3.429-8 5.143-12.571 5.143-5.143 0-9.714-1.714-13.143-5.143l-142.286-142.286-142.286 142.286c-3.429 3.429-8 5.143-13.143 5.143-4.571 0-9.143-1.714-12.571-5.143l-77.714-77.714c-3.429-3.429-5.143-8-5.143-12.571 0-5.143 1.714-9.714 5.143-13.143l142.286-142.286-142.286-142.286c-3.429-3.429-5.143-8-5.143-13.143 0-4.571 1.714-9.143 5.143-12.571l77.714-77.714c3.429-3.429 8-5.143 12.571-5.143 5.143 0 9.714 1.714 13.143 5.143l142.286 142.286 142.286-142.286c3.429-3.429 8-5.143 13.143-5.143 4.571 0 9.143 1.714 12.571 5.143l77.714 77.714c3.429 3.429 5.143 8 5.143 12.571 0 5.143-1.714 9.714-5.143 13.143zM733.143 694.857l-103.429 103.429c-13.714 13.714-21.143 32.571-21.143 52 0 18.857 7.429 37.714 21.143 51.429l47.429 47.429c-8 1.143-16.571 1.714-25.143 1.714h-499.429c-91.429 0-152.571-54.857-152.571-148 0-129.143 30.286-327.429 197.714-327.429 9.143 0 15.429 4 22.286 9.714 54.857 43.429 110.857 69.714 182.286 69.714s127.429-26.286 182.286-69.714c6.857-5.714 13.143-9.714 22.286-9.714 10.857 0 21.714 1.143 32.571 3.429-18.857 18.286-30.857 33.143-30.857 60.571 0 19.429 7.429 38.286 21.143 52z"],"width":1165.165714285714,"attrs":[],"isMulticolor":false,"isMulticolor2":false,"tags":["user-times"],"defaultCode":62005,"grid":14},"attrs":[],"properties":{"name":"user-times","id":514,"order":6,"prevSize":28,"code":62005},"setIdx":3,"setId":2,"iconIdx":514},{"icon":{"paths":["M933.79 610.25c-53.726-93.054-21.416-212.304 72.152-266.488l-100.626-174.292c-28.75 16.854-62.176 26.518-97.846 26.518-107.536 0-194.708-87.746-194.708-195.99h-201.258c0.266 33.41-8.074 67.282-25.958 98.252-53.724 93.056-173.156 124.702-266.862 70.758l-100.624 174.292c28.97 16.472 54.050 40.588 71.886 71.478 53.638 92.908 21.512 211.92-71.708 266.224l100.626 174.292c28.65-16.696 61.916-26.254 97.4-26.254 107.196 0 194.144 87.192 194.7 194.958h201.254c-0.086-33.074 8.272-66.57 25.966-97.218 53.636-92.906 172.776-124.594 266.414-71.012l100.626-174.29c-28.78-16.466-53.692-40.498-71.434-71.228zM512 719.332c-114.508 0-207.336-92.824-207.336-207.334 0-114.508 92.826-207.334 207.336-207.334 114.508 0 207.332 92.826 207.332 207.334-0.002 114.51-92.824 207.334-207.332 207.334z"],"tags":["cog","gear","preferences","settings","generate","control","options"],"defaultCode":59796,"grid":16,"attrs":[]},"attrs":[],"properties":{"ligatures":"cog, gear","name":"cog","order":2,"id":149,"prevSize":32,"code":59796},"setIdx":4,"setId":1,"iconIdx":148}],"height":1024,"metadata":{"name":"icomoon"},"preferences":{"showGlyphs":true,"showQuickUse":true,"showQuickUse2":true,"showSVGs":true,"fontPref":{"prefix":"icon-","metadata":{"fontFamily":"icomoon"},"metrics":{"emSize":1024,"baseline":6.25,"whitespace":50},"embed":false,"autoHost":true},"imagePref":{"prefix":"icon-","png":true,"useClassSelector":true,"color":0,"bgColor":16777215,"classSelector":".icon"},"historySize":50,"showCodes":true,"gridSize":16,"quickUsageToken":{"UntitledProject":"YTViZjExZWE5N2U2MTJkODNjNGVkNTAyNDgwYmRiODYjMSMxNjcxNDU5NDk0IyMjMDYwOWE2YTRlODhh"}}}